{"cameraMode":{"drawMode":0,"name":"Shaded","section":"Shading Mode"},"sceneLighting":true,"audioPlay":false,"sceneViewState":{"m_AlwaysRefresh":false,"showFog":true,"showSkybox":true,"showFlares":true,"showImageEffects":true,"showParticleSystems":true,"showVisualEffectGraphs":true,"m_FxEnabled":true},"in2DMode":false,"pivot":{"x":0.9343205690383911,"y":0.12976735830307008,"z":-1.4841126203536988},"rotation":{"x":-0.16771069169044496,"y":0.21748296916484834,"z":-0.037977200001478198,"w":-0.9608368277549744},"size":1.7232584953308106,"orthographic":true}